"rank","fid","fname"
1,3,"danromero.eth"
1,3,"dwr"
1,3,"dwr.eth"
2,12142,"base"
3,2,"varunsrin.eth"
3,2,"v"
4,99,"jessepollak"
5,239,"ted"
6,528,"0xen"
7,1110,"perl"
8,617,"cameron"
9,539,"ace"
10,576,"nonlinear.eth"
10,576,"nonlinear"
11,2904,"wake"
11,2904,"wakeupremember.eth"
12,7143,"six"
13,472,"ccarella.eth"
13,472,"ccarella"
14,680,"woj.eth"
14,680,"wojtek.eth"
14,680,"woj"
15,129,"phil"
16,5650,"vbuterin"
16,5650,"vitalik.eth"
17,7251,"ciniz.eth"
17,7251,"ciniz"
17,7251,"dick.eth"
17,7251,"cnz.eth"
18,8,"jacob"
19,4407,"keccers"
19,4407,"keccers.eth"
20,3621,"portlymerchant.eth"
20,3621,"stupidideas.eth"
20,3621,"horsefacts.eth"
20,3621,"summoningcircle.eth"
20,3621,"horsefacts"
21,206,"coopahtroopa"
21,206,"coopahtroopa.eth"
22,15983,"jacek"
23,347,"greg"
23,347,"gregskril.eth"
24,1214,"df"
25,1356,"farcasteradmin.eth"
25,1356,"borodutch"
26,1285,"benersing"
27,3642,"toadyhawk"
27,3642,"toadyhawk.eth"
28,1325,"cassie"
29,602,"jasongoldberg.eth"
29,602,"betashop.eth"
29,602,"betashop"
30,13121,"lght.eth"
30,13121,"0xlght"
31,9135,"qdau.eth"
31,9135,"kugusha.eth"
31,9135,"kugusha"
32,12,"linda"
33,1606,"samantha"
34,1287,"july"
35,534,"mikedemarais.eth"
35,534,"mikedemarais"
36,2433,"seneca"
37,1237,"nicholas"
38,2210,"kenny"
39,1317,"0xdesigner.eth"
39,1317,"0xdesigner"
40,2689,"binji"
40,2689,"binji.eth"
41,124,"giu"
41,124,"giacaglia.eth"
42,738,"alexmasmej"
42,738,"alexmasmej.eth"
43,4482,"deployer"
44,2007,"jacopo.eth"
44,2007,"jacopo"
45,8447,"eriksmith.eth"
45,8447,"eriks"
46,7637,"aaronrferguson.eth"
46,7637,"aaronrferguson"
47,358,"corbin.eth"
47,358,"corbpage"
48,13833,"kaloh"
49,7620,"cybershakti"
50,9595,"survey"
51,18085,"mleejr"
52,10810,"gami.eth"
52,10810,"gami"
53,20919,"rainbow"
54,5431,"esdotge.eth"
54,5431,"esdotge"
55,13505,"j-valeska"
56,2252,"sui"
57,2417,"robrecht.eth"
57,2417,"robrecht"
58,10636,"jam"
59,4036,"sassal"
59,4036,"sassal.eth"
60,281289,"tocd"
61,8046,"rsa"
61,8046,"rsa.eth"
62,5991,"mxvoid"
63,8685,"markcarey"
64,2163,"cryptogirls"
65,3362,"maschka"
66,24005,"rarible"
67,361319,"simson"
68,259196,"farlaunch"
69,329883,"wowbase"
70,274138,"farbase"
71,345923,"farcastercoin"
72,339515,"jackza.eth"
72,339515,"farcasterranking"
73,355066,"mxchaosm"
74,234616,"pi-chi.eth"
74,234616,"pichi"
75,6806,"dawufi.eth"
75,6806,"dawufi"
76,343261,"drakula"
77,880,"secp256k1.eth"
77,880,"alexanderchopan"
77,880,"sessionkeys.eth"
77,880,"smartprofiles.eth"
77,880,"accountless.eth"
77,880,"alexanderchopan.eth"
77,880,"chopan.eth"
77,880,"mofn.eth"
78,431,"j4ck.eth"
78,431,"j4ck"
79,548,"briang"
80,557,"pugson"
81,5708,"timdaub.eth"
81,5708,"timdaub"
82,269694,"bitfloorsghost"
82,269694,"bitfloorsghost.eth"
83,378,"colin"
83,378,"colinarms.eth"
84,230147,"edit"
85,194,"rish"
86,4163,"kmacb.eth"
86,4163,"kmacbeth"
87,5818,"adrienne"
87,5818,"adriennetenger.eth"
88,4327,"colin-"
88,4327,"cojo.eth"
89,4606,"vgr"
90,5774,"tldr"
91,373,"jayme"
92,1355,"bias"
93,11528,"jrf"
94,4167,"nounishprof"
94,4167,"thenounishprof.eth"
95,270504,"proxystudio.eth"
95,270504,"proxystudio"
96,20910,"zora"
97,4923,"antimofm"
97,4923,"antimofm.eth"
98,1841,"martin"
99,473,"mattkoch.eth"
99,473,"matthew"
100,5620,"fun"
100,5620,"welter.eth"
101,1048,"macbudkowski"
102,9307,"bankless"
103,457,"zachterrell"
103,457,"zachterrell.eth"
104,3206,"yb"
105,312,"lesgreys.eth"
105,312,"les"
106,20596,"bountybot"
107,364927,"paybot"
108,616,"dylsteck.eth"
108,616,"dylsteck"
109,243300,"yonfrula"
110,56,"dcposch"
110,56,"dcposch.eth"
111,1970,"grin"
112,4286,"pixel"
113,1626,"mcbain"
114,16085,"samuellhuber"
114,16085,"smashice.eth"
115,426,"brianjckim.eth"
115,426,"brianjckim"
116,18581,"ponder"
117,108,"perceptive.eth"
117,108,"nick"
118,14364,"purp"
119,8152,"undefined"
120,325,"vm"
121,253127,"bleu.eth"
121,253127,"agust.eth"
121,253127,"agust"
122,4905,"suchdao.eth"
122,4905,"mxjxn.eth"
122,4905,"tokenart.eth"
122,4905,"modulations.eth"
122,4905,"maxjackson.eth"
122,4905,"mxjxn"
123,2802,"garrett"
124,2588,"nor"
125,303,"kyle"
126,5701,"chriscocreated"
126,5701,"chriscocreated.eth"
127,2441,"grunt"
127,2441,"grunt.eth"
127,2441,"sbfftx.eth"
127,2441,"erc123.eth"
127,2441,"nofuckingthanks.eth"
128,451,"pfista"
128,451,"pfista.eth"
129,16098,"jpfraneto"
130,533,"alexpaden"
130,533,"iconia.eth"
130,533,"shoni.eth"
131,283,"hyper"
132,1097,"noun40"
133,834,"gabrielayuso"
133,834,"gabrielayuso.eth"
134,341506,"bpunk"
135,1407,"thisiszinger.eth"
135,1407,"zinger"
136,1,"farcaster"
136,1,"farcaster.eth"
136,1,"warpcast.eth"
137,1225,"unlonely"
138,8004,"ahn"
138,8004,"ahn.eth"
139,3895,"drewcoffman.eth"
139,3895,"drew-coffman"
140,2745,"sdv"
140,2745,"sdv.eth"
141,3115,"ghostlinkz"
141,3115,"ghostlinkz.eth"
142,247143,"kylepatrick.eth"
142,247143,"kylepatrick"
143,15850,"christin"
144,5179,"jtgi"
145,4179,"maurelian.eth"
145,4179,"maurelian"
146,37,"balajis.eth"
146,37,"balajis"
147,1886,"billzh"
147,1886,"billzh.eth"
148,114,"jihad"
149,9391,"ispeaknerd"
149,9391,"ispeaknerd.eth"
150,281836,"imthedude"
151,248216,"sartocrates"
152,3635,"pranay"
152,3635,"androidsixteen.eth"
153,20111,"poster"
154,274,"n"
155,6546,"artlu"
156,4085,"christopherw.eth"
156,4085,"christopher"
157,6373,"priyanka"
158,1137,"ivy"
159,7237,"aviationdoctor.eth"
159,7237,"aviationdoctor"
160,66,"tayyab"
161,577,"peter"
162,1236,"syed"
162,1236,"syedshah.eth"
163,12480,"thumbsup.eth"
163,12480,"thumbsup"
164,2455,"notdevin.eth"
164,2455,"notdevin"
165,369,"robinkim.eth"
165,369,"robin"
166,1689,"stephancill"
166,1689,"stephancill.eth"
167,4823,"polluterofminds"
168,734,"salvino"
169,7418,"flexasaurusrex"
170,604,"emodi"
171,302,"gt"
172,10259,"alexgrover"
172,10259,"alexgrover.eth"
173,359,"pushix"
174,16148,"eulerlagrange.eth"
174,16148,"ibnalsina.eth"
174,16148,"eulerlagrange"
175,254376,"slice"
176,3887,"slokh"
176,3887,"slokh.eth"
177,343622,"karbonbased"
178,262938,"animated"
179,280,"vrypan"
179,280,"vrypan.eth"
180,20270,"heavygweit"
181,1301,"krel"
181,1301,"krel.eth"
182,4256,"markfishman"
182,4256,"angeluser.eth"
182,4256,"markfishman.eth"
183,6596,"king"
184,3417,"bored"
185,214447,"yes2crypto.eth"
185,214447,"yes2crypto"
186,2558,"zaak"
186,2558,"zaak.eth"
187,160,"jack"
188,2282,"gokhan.eth"
188,2282,"gokhan"
189,307834,"trebor69"
190,2864,"launch"
191,4461,"limone-eth"
191,4461,"limone.eth"
192,207,"tim"
192,207,"timbeiko.eth"
193,5860,"ampmgm.eth"
193,5860,"sum"
194,8048,"trustlessstate"
195,5494,"jachian"
196,2211,"commstark"
197,310928,"polymarket"
198,9166,"nbragg"
199,225,"goose"
200,5034,"tervo"
201,1668,"tomu"
201,1668,"tomu.eth"
202,742,"wilsoncusack"
202,742,"wilsoncusack.eth"
203,7061,"liang"
204,20909,"airstack"
205,244349,"threadguy"
206,4378,"gigamesh.eth"
206,4378,"gigamesh"
207,10351,"zachharris.eth"
207,10351,"zachharris"
208,143,"mk"
209,18586,"links"
210,309857,"coinbasewallet"
211,323251,"miguelgarest-eth"
211,323251,"miguelgarest.eth"
212,398596,"altanon"
213,16831,"0xsmallbrain"
214,9933,"m00npapi"
214,9933,"m00npapi.eth"
215,25,"cdixon.eth"
215,25,"cdixon"
216,516,"itai"
217,2134,"kazi"
218,337018,"baubergo-"
219,4877,"trish"
220,210628,"ethan666"
221,4373,"maxp.eth"
221,4373,"maxpetretta"
221,4373,"maxpetretta.eth"
222,209951,"swishh"
222,209951,"swishh.eth"
223,10694,"chukwukaosakwe"
224,733,"fiveoutofnine"
224,733,"fiveoutofnine.eth"
225,706,"lay2000lbs"
226,6841,"deodad"
226,6841,"deodad.eth"
227,2420,"4484"
228,262563,"lamaboo.eth"
228,262563,"lamaboo"
229,340305,"alfafrens"
230,13089,"arjantupan"
231,9055,"usersteen-eth"
231,9055,"usersteen.eth"
232,195091,"greyseymour.eth"
232,195091,"greyseymour"
233,626,"matallo.eth"
233,626,"matallo"
234,191,"manan"
234,191,"mananp.eth"
235,13659,"entropybender.eth"
235,13659,"entropybender"
236,12567,"pjc"
236,12567,"philcockfield.eth"
237,362462,"heycaster"
238,307128,"kiszkiloszki.eth"
238,307128,"kiszkiloszki"
239,7097,"m-j-r.eth"
239,7097,"m-j-r"
240,4417,"purple"
241,6622,"frdysk"
241,6622,"fufuprophet.eth"
241,6622,"frdysk.eth"
242,39,"sam"
243,60,"brenner"
243,60,"brenner.eth"
244,771,"jpren"
244,771,"jpren.eth"
245,309710,"nomadicframe"
246,193137,"supercast"
247,403090,"sleepypenguin"
247,403090,"sleepypenguin.eth"
248,4253,"we"
249,7479,"chaskin.eth"
249,7479,"cartman"
250,701,"w1nt3r"
251,4483,"iceberg"
251,4483,"211.eth"
252,6131,"neynar"
253,12312,"paragraph"
254,8587,"manuelmaccou.eth"
254,8587,"manuelmaccou"
255,2480,"humpty.eth"
255,2480,"humpty"
256,7258,"riotgoools"
256,7258,"riotgoools.eth"
257,249332,"alexmackenzie.eth"
257,249332,"alexmack"
258,20147,"bixbite"
259,276562,"esss"
260,4753,"saxenasaheb"
260,4753,"saxenasaheb.eth"
261,913,"john"
262,20589,"bountycaster"
263,4282,"matthewfox.eth"
263,4282,"matthewfox"
264,5543,"manyfacesu.eth"
264,5543,"sirsu.eth"
264,5543,"sirsu"
264,5543,"heatcheck.eth"
265,803,"benbodhi"
266,300898,"optimism"
267,976,"ba"
268,472010,"basedmonkey"
269,101,"yitong"
270,257223,"0xpandora"
271,133,"nir"
271,133,"nir.eth"
272,5952,"incarterseyes"
272,5952,"incarterseyes.eth"
273,2266,"ripe"
274,2341,"tani.eth"
274,2341,"tanishq"
275,354795,"aaronv.eth"
275,354795,"aaronv"
276,8942,"to"
277,3860,"gakonst"
278,1430,"wijuwiju.eth"
278,1430,"wijuwiju"
279,7452,"bender.eth"
279,7452,"buttongame.eth"
279,7452,"clefable.eth"
279,7452,"dummythicc.eth"
279,7452,"fry"
279,7452,"articuno.eth"
279,7452,"dyornfa.eth"
279,7452,"fry.eth"
280,195917,"clauswilke.eth"
280,195917,"clauswilke"
281,2099,"yuga"
282,4612,"seanhart"
282,4612,"h4rt.eth"
282,4612,"swabbie.eth"
282,4612,"seanhart.eth"
283,311845,"reisub.eth"
283,311845,"reisub-bas"
284,234434,"degentip"
285,327165,"feelingminty.eth"
285,327165,"nicolasdavis"
285,327165,"nicolasdavis.eth"
286,273147,"stellabelle"
287,1996,"thatalexpalmer"
287,1996,"thatalexpalmer.eth"
288,196957,"baseddesigner.eth"
288,196957,"maxsl.eth"
288,196957,"maxdo"
289,190218,"icetoad.eth"
289,190218,"icetoad"
290,6946,"floc"
290,6946,"floc.eth"
291,4715,"lo"
292,8476,"sntlss.eth"
292,8476,"saintless"
292,8476,"saintless.eth"
293,9816,"camilleroux.eth"
293,9816,"camilleroux"
294,11188,"polynya"
294,11188,"polynya.eth"
295,262450,"cooprecs"
296,1657,"davidtphung"
296,1657,"davidtphung.eth"
297,412,"joeblau"
298,12152,"pirosb3"
298,12152,"pirosb3.eth"
299,2458,"rafa"
299,2458,"rafa0.eth"
300,169,"fredwilson.eth"
300,169,"fredwilson"
301,3305,"daojoan.eth"
301,3305,"daojoan"
302,28,"alok"
303,1401,"jpetrich"
304,139,"jess"
305,53,"antonio"
306,18570,"qt"
307,8109,"victoctero"
308,190075,"highlight"
309,1082,"vinayvasanji"
309,1082,"vinayvasanji.eth"
310,403619,"maretus"
310,403619,"maretus.eth"
311,211693,"mistershot"
312,368,"0xstark.eth"
312,368,"js"
313,4790,"lsl"
313,4790,"elesel.eth"
314,278239,"strano.eth"
314,278239,"strano"
315,11124,"ds8"
315,11124,"dusan.eth"
316,5604,"n64jerry.eth"
316,5604,"n64jerry"
317,436577,"kevinmfer"
318,315256,"gig"
319,1020,"jake"
320,302556,"mikkolagerstedt"
321,245388,"199eth"
321,245388,"199.eth"
322,1114,"msilb7"
322,1114,"msilb.eth"
322,1114,"msilb7.eth"
323,366713,"nikolaiii"
324,3854,"darrylyeo.eth"
324,3854,"darryl.eth"
324,3854,"darrylyeo"
325,10174,"cryptowenmoon.eth"
325,10174,"cryptowenmoon"
326,4134,"andreitr"
326,4134,"andreitr.eth"
327,5181,"uncledavo"
327,5181,"uncledavo.eth"
328,12021,"profkaterina.eth"
328,12021,"kbc"
329,210698,"blankspace"
330,7692,"pierrepauze"
331,4567,"symbiotech.eth"
331,4567,"symbiotech"
332,1321,"kepano.eth"
332,1321,"kepano"
333,326433,"tmophoto"
334,19832,"thief"
334,19832,"gideonfalls.eth"
335,2526,"pratik"
336,19328,"melonweb3"
337,9856,"0xluo.eth"
337,9856,"0xluo"
338,4434,"thechandresh.eth"
338,4434,"chandresh.eth"
338,4434,"chandresh"
339,3872,"slowcrypto"
340,281676,"anemale.eth"
340,281676,"anemale"
341,3112,"rileybeans"
341,3112,"rileybeans.eth"
342,2736,"annoushka"
342,2736,"annoushka.eth"
343,2788,"leosn.eth"
343,2788,"lsn"
344,236581,"reallyryl"
345,6731,"chicago"
345,6731,"ch1cago.eth"
346,269321,"dominosmusic"
347,1918,"0xzoz"
347,1918,"zoz.eth"
348,243818,"metadavid"
349,390237,"0xjoji"
350,16567,"serendipity"
351,398355,"neged"
352,1655,"juan"
353,237884,"itsjust4cubes"
353,237884,"itsjust4cubes.eth"
353,237884,"mantine.eth"
354,10148,"jamesrichardfry"
355,244902,"sartoshi"
356,1068,"pentacle"
356,1068,"pentacle.eth"
357,7960,"sheldon"
358,250874,"meguce"
358,250874,"meguce.eth"
358,250874,"replyke.eth"
359,7732,"aneri"
360,3174,"shl0ms"
360,3174,"shl0ms.eth"
361,2329,"veekay"
361,2329,"notveekay.eth"
362,5925,"teleyinex"
362,5925,"teleyinex.eth"
363,11770,"adam-"
364,388980,"0xponch"
365,243719,"downshift.eth"
365,243719,"downshift"
366,2201,"carlos"
367,6591,"mattlee"
368,30,"li"
369,251,"jc"
370,326040,"angelikakollin"
371,2074,"danfinlay"
372,244479,"dragonite"
372,244479,"dragonite.eth"
373,11244,"bfg"
374,224,"whatrocks"
375,374660,"endureandsurvive"
375,374660,"endureandsurvive.eth"
376,88,"worm.eth"
376,88,"worm"
377,420540,"ox-crypto"
378,716,"ayush"
378,716,"ayushm.eth"
379,4564,"kevinoconnell"
379,4564,"kwoconnell.eth"
380,679,"danielsinclair"
381,3017,"raei.eth"
381,3017,"nounderline.eth"
381,3017,"nobuilder.eth"
381,3017,"rafi"
382,366841,"vidzone"
383,239748,"vlady"
384,20,"barmstrong"
385,396869,"based-sheep"
385,396869,"30672.eth"
386,263574,"tonyminh"
387,9581,"thepark"
388,18723,"brixbounty"
389,54,"lsankar.eth"
389,54,"lakshman"
390,15633,"dsord3r.eth"
390,15633,"dsorder"
391,271985,"rounds"
392,15776,"claireujma"
393,10315,"farcon"
394,263333,"clfx.eth"
394,263333,"fatcop"
395,12048,"mathew"
396,7715,"royalaid"
396,7715,"royalaid.eth"
397,51,"pmarca"
398,14351,"nypd.eth"
398,14351,"developer"
398,14351,"breakdance.eth"
398,14351,"vscode.eth"
398,14351,"hoods.eth"
398,14351,"dos.eth"
398,14351,"parse.eth"
398,14351,"frag.eth"
398,14351,"thedeveloper.eth"
398,14351,"ifbb.eth"
398,14351,"btw.eth"
398,14351,"monotone.eth"
399,192539,"yougogirl.eth"
399,192539,"yougogirl"
400,283144,"reneecampbell"
401,20928,"partydao"
402,6162,"typeof"
402,6162,"typeof.eth"
403,1315,"manansh"
403,1315,"uxhelp.eth"
404,73,"shawki"
405,474,"peterdrood.eth"
405,474,"pdr"
405,474,"ultraevolving.eth"
406,495856,"basedowls"
407,12256,"kia"
407,12256,"kia.eth"
408,1890,"jayce"
409,1795,"futureartist"
410,18,"todd"
410,18,"toddgoldberg.eth"
411,5713,"streetphoto"
412,210657,"hypersub"
413,1171,"gm8xx8"
414,1134,"levy"
415,981,"bot"
416,9410,"gmoneynft"
416,9410,"gmoney.eth"
417,2348,"fabric"
418,3046,"cyrus"
419,4904,"mc"
419,4904,"miguelito.eth"
420,1593,"thatguyintech"
420,1593,"thatguyintech.eth"
421,5365,"him"
422,5694,"shazow.eth"
422,5694,"shazow"
423,1303,"rgboop.eth"
423,1303,"soondooboop"
424,18763,"runn3rr"
425,3095,"backseats"
426,4409,"horneps"
427,320215,"injustcuz"
428,196199,"jvmi"
429,5062,"zherring"
430,10144,"johann"
430,10144,"thebluffer.eth"
431,12224,"benroy"
432,9700,"qsteak"
432,9700,"qsteak.eth"
433,13861,"annacher"
434,2042,"aaina"
435,20286,"oxb"
436,1766,"trent"
437,2684,"remindme"
438,4895,"matthewb"
439,245124,"sgniwder"
440,13640,"0xmizan"
441,1786,"a16zcrypto"
442,8949,"tomato.eth"
442,8949,"thefaketomato"
443,191780,"agrimony.eth"
443,191780,"agrimony"
444,402888,"hnwcrypto.eth"
444,402888,"hwncrypto"
445,6394,"bayardo"
445,6394,"bayardo.eth"
446,80,"liam.eth"
446,80,"liam"
447,43,"sriramk.eth"
447,43,"sriramk"
448,3882,"hollins"
449,368835,"enjoyzora"
449,368835,"enjoytech.eth"
450,4044,"alec.eth"
450,4044,"chip"
451,283597,"wanderloots.eth"
451,283597,"wanderloots"
452,403020,"push-"
453,12741,"farquest"
454,12738,"mbranson"
455,1129,"yup"
456,410492,"bstract"
457,7657,"gregfromstl"
458,242661,"puffdood.eth"
458,242661,"puffdood"
459,5283,"limes"
459,5283,"limes.eth"
460,365387,"catzel404"
461,388141,"ninba"
462,11555,"bodegacatceo"
463,15696,"gino"
464,5328,"chicbangs.eth"
464,5328,"chicbangs"
465,5085,"blobs"
466,2728,"iammatthias.eth"
466,2728,"iammatthias"
467,12144,"wbnns"
467,12144,"wbnns.eth"
468,221578,"apex777"
469,193930,"ilyat"
470,380163,"thommyshelby17"
471,3432,"maybeimwasabi"
472,367476,"404woopies"
473,17940,"metaend.eth"
473,17940,"ngmiai"
474,397392,"ako1988"
475,238853,"db3045"
476,350,"steph"
477,1189,"grace"
478,414736,"pepeverse"
479,211272,"dcinvestor"
480,260,"yekim.eth"
480,260,"yekim"
481,328041,"nickyboost"
482,3827,"sqx"
483,762,"alvesjtiago.eth"
483,762,"alvesjtiago"
484,7759,"leoclark.eth"
484,7759,"leoclark"
485,6112,"ashira.eth"
485,6112,"ashira"
486,1079,"joshuafisher.eth"
486,1079,"joshuafisher"
487,19129,"sinaver.eth"
487,19129,"sinaver"
487,19129,"crimeaisukraine.eth"
488,227912,"andremessina"
489,213310,"schmrdty"
489,213310,"schmrdty.eth"
490,230238,"mvr"
490,230238,"martinvr.eth"
491,16522,"ilemi"
491,16522,"ilemi.eth"
492,922,"segall"
493,9280,"brennen-eth"
493,9280,"brennen.eth"
494,13596,"hellno.eth"
494,13596,"hellnooo.eth"
494,13596,"hellno"
495,262357,"foundation"
496,134,"scharf"
496,134,"scharfstein.eth"
497,258,"kn"
498,6351,"morereese.eth"
498,6351,"morereese"
499,391793,"rafaello12"
500,847,"meesh"
501,6972,"punk8o8.eth"
501,6972,"smolchad.eth"
501,6972,"smol"
502,8555,"thethriller"
503,2235,"el4d"
504,194372,"roadu"
505,20694,"purpgame"
505,20694,"topframes.eth"
506,1887,"alor"
507,333932,"demonego"
508,16066,"bradbarrish"
508,16066,"bradbarrish.eth"
509,19105,"missangel"
510,12342,"bigshotklim"
511,7596,"justindrake"
512,1894,"wiz"
513,408746,"nutellacrepe.eth"
513,408746,"nutellacrepe"
514,16183,"xcopy-eth"
514,16183,"xcopy.eth"
515,59,"henri"
516,6714,"gon"
517,8446,"macedo.eth"
517,8446,"macedo"
518,4215,"sa"
519,368021,"venusaur"
519,368021,"raichu.eth"
520,5448,"cmlad.eth"
520,5448,"cmlad"
521,21773,"coinbase"
522,10677,"prberg"
523,12031,"sanjay"
524,10178,"owl"
525,81,"blau.eth"
525,81,"3lau"
526,426045,"rjs"
527,193826,"pauline-unik"
528,4996,"nixo.eth"
528,4996,"nixo"
528,4996,"nixorokish.eth"
528,4996,"myandroid.eth"
529,8413,"pedrouid"
529,8413,"pedrouid.eth"
530,68,"erik"
531,408979,"riya02"
531,408979,"nmeow.eth"
532,276,"markus"
533,270684,"zafgod"
534,3647,"nicksmith"
534,3647,"iamnick.eth"
535,4375,"resipsa"
536,322662,"yumemaboroshi"
537,10420,"lefteris.eth"
537,10420,"lefterisjp"
538,1556,"supriyo.eth"
538,1556,"next-roy"
539,273442,"samhorine"
539,273442,"samhorine.eth"
540,278406,"joellelb"
541,20198,"2danimator.eth"
541,20198,"brettdrawsstuff"
542,409573,"fuckcoolpussy"
542,409573,"memeceo.eth"
542,409573,"fuckcoolpussy.eth"
543,272901,"anggamonkill"
544,377557,"heyjonbray"
544,377557,"jonbray.eth"
544,377557,"copewallet.eth"
544,377557,"thecoalition.eth"
544,377557,"keyserver.eth"
544,377557,"greatwhite.eth"
544,377557,"thelobby.eth"
545,4294,"tricil.eth"
545,4294,"tricil"
546,190968,"ciefa.eth"
546,190968,"ciefa"
547,443,"jk"
548,6023,"stevedylandev.eth"
548,6023,"stevedsimkins"
549,256829,"beachcrypto"
550,1941,"aleph"
551,16152,"netopwibby"
551,16152,"netopwibby.eth"
552,266767,"al3jandro"
552,266767,"al3jandro.eth"
553,11510,"xenbh"
553,11510,"xenbh.eth"
554,1024,"cdt"
555,8451,"danicaswanson"
556,510364,"x0dura"
557,431085,"chinemelum"
558,211756,"basegod"
559,48,"eddy"
560,75,"osama"
561,2112,"rubinovitz.eth"
561,2112,"rubinovitz"
562,1149,"event"
563,18655,"spencerp"
563,18655,"spencerperkins.eth"
564,8439,"eddie"
565,3711,"goldy"
566,15211,"cryptostatuette.eth"
566,15211,"statuette"
567,11040,"jamesstevens"
567,11040,"butt-stuff.eth"
568,337090,"bay-photography"
569,222389,"0xpotus"
570,3863,"elie"
571,397815,"shulzzz"
572,10857,"nicnode"
573,12626,"lampphotography"
574,17,"sds"
574,17,"sds.eth"
574,17,"shanedasilva.eth"
575,308410,"manuwilliams"
576,429,"czar"
577,1725,"sayangel"
578,12990,"juli"
579,18407,"sidshekhar"
580,7874,"chatgpt"
581,8936,"sabet"
582,11448,"yesyes"
583,1864,"sammdec"
583,1864,"sammdec.eth"
584,199989,"smokingfrog.eth"
584,199989,"hellodanimo"
585,6473,"albiverse"
586,83,"gaby"
587,14937,"sgt-sl8termelon"
588,3306,"mantej.eth"
588,3306,"mantej"
589,305843,"iashish"
589,305843,"iashish.eth"
590,3583,"interface"
591,387258,"swapbot"
592,323433,"romansys"
592,323433,"romansys.eth"
593,267,"aman"
594,9152,"warpcast"
595,248954,"lonliboy"
596,24,"jesse"
597,8433,"codincowboy"
598,12388,"trh"
599,266782,"atnsarts"
600,7474,"brightmoments"
601,6143,"jxom"
602,299853,"basewtf.eth"
602,299853,"basewtf"
603,356732,"69-69-69.eth"
603,356732,"0333eth"
603,356732,"basedmage.eth"
603,356732,"0333.eth"
604,4463,"tombornal"
605,395269,"gm-app"
606,674,"fascinated"
607,228795,"viha"
608,196215,"sloppy"
609,656,"raz"
610,13893,"javabu.eth"
610,13893,"jaredbusker"
611,292773,"fajar2401"
612,193,"derek"
613,4275,"m0nt0y4"
614,631,"nickbytes"
614,631,"nickbytes.eth"
615,301144,"itslemon.eth"
615,301144,"itslemonnnn"
616,4865,"jordanlyall"
617,248890,"cantstop.eth"
617,248890,"cooperray"
618,310124,"eoghan"
618,310124,"eggman.eth"
619,13870,"0xsatori"
619,13870,"0xsatori.eth"
619,13870,"sat0ri.eth"
620,311933,"burrrrrberry"
621,268066,"ashik29"
622,265108,"omgidrawedit"
623,444929,"fredha.eth"
623,444929,"fredha"
624,299247,"catswilleatyou"
625,16877,"emmanuel"
626,345765,"adexmakai"
626,345765,"adexmakai.eth"
627,191213,"stringtheory69"
628,1520,"micah"
628,1520,"boast.eth"
628,1520,"micahs.eth"
629,412772,"pilll"
630,357745,"briantoups"
631,127,"neuroswish"
632,240586,"goldytalks"
633,367850,"narisofka"
634,17041,"aburra"
635,403517,"soulthesea"
636,7348,"bernardo-cafe"
637,324395,"cryptobrye"
638,15643,"zerohex.eth"
638,15643,"zerohex"
639,263664,"oppai"
640,2600,"depatchedmode"
641,268290,"breadcat"
642,5486,"deeze"
642,5486,"deeze.eth"
643,20701,"chaps.eth"
643,20701,"chaps"
